{
  "layer_id": "MNISTStructuredMLP#L2#fc_classify",
  "source_checkpoint": "mnist_mlp_w8_qat.pt",
  "weight_shape": [
    16,
    10
  ],
  "layout_note": {
    "input": [
      16,
      16
    ],
    "output": [
      16,
      10
    ]
  },
  "weight": [
    [
      64,
      39,
      41,
      54,
      -28,
      72,
      63,
      -74,
      -54,
      30
    ],
    [
      -27,
      50,
      -31,
      -55,
      -113,
      -104,
      -15,
      69,
      72,
      -18
    ],
    [
      -17,
      -97,
      48,
      -89,
      76,
      -28,
      22,
      45,
      17,
      -26
    ],
    [
      22,
      31,
      91,
      -36,
      -57,
      3,
      -44,
      13,
      -108,
      -66
    ],
    [
      100,
      17,
      1,
      37,
      -21,
      -83,
      -29,
      6,
      88,
      40
    ],
    [
      -4,
      70,
      -62,
      -127,
      81,
      -33,
      -31,
      54,
      46,
      -3
    ],
    [
      86,
      -56,
      -78,
      62,
      21,
      -45,
      16,
      -7,
      -47,
      40
    ],
    [
      64,
      54,
      50,
      32,
      -82,
      -48,
      -72,
      67,
      7,
      -95
    ],
    [
      -3,
      68,
      -76,
      45,
      -6,
      84,
      -55,
      12,
      13,
      21
    ],
    [
      56,
      34,
      48,
      8,
      74,
      -29,
      -118,
      38,
      -34,
      98
    ],
    [
      -63,
      -64,
      -3,
      47,
      -11,
      82,
      -74,
      43,
      41,
      -16
    ],
    [
      11,
      -24,
      35,
      48,
      27,
      -9,
      29,
      -58,
      43,
      -89
    ],
    [
      -65,
      17,
      48,
      -6,
      -29,
      51,
      65,
      -56,
      74,
      59
    ],
    [
      -104,
      -12,
      -22,
      64,
      65,
      -70,
      -53,
      43,
      -92,
      64
    ],
    [
      60,
      -25,
      -85,
      -105,
      2,
      43,
      52,
      67,
      -30,
      -4
    ],
    [
      -53,
      98,
      29,
      46,
      50,
      -46,
      59,
      -59,
      -42,
      -124
    ]
  ],
  "scale_weight": 0.004292942117899656,
  "bias": [
    -51,
    -127,
    50,
    -6,
    -17,
    33,
    4,
    -94,
    40,
    48
  ],
  "scale_bias": 0.0026270910166203976,
  "export_bit_width": 8,
  "note": "int values; to recover float: float_val = int_val * scale_*",
  "reason": "fc_classify: 2D head (16x16) @ (16x10) -> (16x10); checkpoint mnist_mlp_w8_qat.pt; int32 IO from symmetric int8 export"
}